producto,count,sum,mean
C,2035,2541964,1249.1223587223587
A,1957,2458768,1256.3965252938171
B,1946,2446156,1257.0174717368961
